"ID","Player","Team","Position","Owner","Next Opponent","TFPts","TFP/G","Rostered %","+/- %","Date","Opponent","Score","Fantasy Points","Minutes Played","Goals","Assists (Official)","Assists (Second)","Key Passes (Assists on Shots)","Assists (Fantasy)","Shots on Target","Shots off the Post","Tackles Won","Dispossessed","Yellow Cards","Red Cards","Accurate Crosses","Accurate Crosses (No Corners)","Interceptions","Interceptions + Blocked Shots","Effective Clearances","Successful Dribbles (Contests Succeeded)","Blocked Crosses","Blocked Shots","Aerials Won","Penalty Kicks Missed","Penalty Kicks Drawn","Own Goals","Goals Against Outfielders ","Clean Sheets On Field"
"06znb","Robin Roefs","SUN","G","WCBFC","BOU Sat 8:00AM","149","12.42","79%","+2.5%","Nov 22","FUL","L 0-1","11","","0","","","1","","0","","0","0","0","0","","","0","","1","0","","","1","","","0","","0"
"06znb","Robin Roefs","SUN","G","WCBFC","BOU Sat 8:00AM","149","12.42","79%","+2.5%","Nov 8","ARS","T 2-2","10.5","","0","","","0","","0","","0","0","0","0","","","0","","1","0","","","1","","","0","","0"
"06znb","Robin Roefs","SUN","G","WCBFC","BOU Sat 8:00AM","149","12.42","79%","+2.5%","Nov 3","EVE","T 1-1","3.5","","0","","","0","","0","","0","0","0","0","","","0","","0","0","","","0","","","0","","0"
"06znb","Robin Roefs","SUN","G","WCBFC","BOU Sat 8:00AM","149","12.42","79%","+2.5%","Oct 25","CHE","W 2-1","17.5","","0","","","0","","0","","0","0","0","0","","","0","","2","0","","","1","","","0","","0"
"06znb","Robin Roefs","SUN","G","WCBFC","BOU Sat 8:00AM","149","12.42","79%","+2.5%","Oct 18","WOL","W 2-0","13.5","","0","","","0","","0","","0","0","0","0","","","0","","0","0","","","0","","","0","","1"
"06znb","Robin Roefs","SUN","G","WCBFC","BOU Sat 8:00AM","149","12.42","79%","+2.5%","Oct 4","MUN","L 0-2","5.5","","0","","","0","","0","","0","0","0","0","","","0","","0","0","","","0","","","0","","0"
"06znb","Robin Roefs","SUN","G","WCBFC","BOU Sat 8:00AM","149","12.42","79%","+2.5%","Sep 27","NOT","W 1-0","27.5","","0","","","2","","0","","0","0","0","0","","","0","","1","0","","","1","","","0","","1"
"06znb","Robin Roefs","SUN","G","WCBFC","BOU Sat 8:00AM","149","12.42","79%","+2.5%","Sep 21","AVL","T 1-1","2.5","","0","","","0","","0","","0","0","0","0","","","0","","1","0","","","0","","","0","","0"
"06znb","Robin Roefs","SUN","G","WCBFC","BOU Sat 8:00AM","149","12.42","79%","+2.5%","Sep 13","CRY","T 0-0","23.5","","0","","","0","","0","","0","0","1","0","","","0","","1","0","","","2","","","0","","1"
"06znb","Robin Roefs","SUN","G","WCBFC","BOU Sat 8:00AM","149","12.42","79%","+2.5%","Aug 30","BRF","W 2-1","14.5","","0","","","0","","0","","0","0","0","0","","","0","","0","0","","","0","","","0","","0"
"06znb","Robin Roefs","SUN","G","WCBFC","BOU Sat 8:00AM","149","12.42","79%","+2.5%","Aug 23","BUR","L 0-2","-0.5","","0","","","0","","0","","0","0","0","0","","","0","","1","0","","","0","","","0","","0"
"06znb","Robin Roefs","SUN","G","WCBFC","BOU Sat 8:00AM","149","12.42","79%","+2.5%","Aug 16","WHU","W 3-0","20","","0","","","0","","0","","0","0","0","0","","","0","","3","0","","","2","","","0","","1"
"044ei","Nick Pope","NEW","G","Souf","@EVE Sat 10:30AM","148.5","12.38","96%","-2.2%","Nov 22","MCI","W 2-1","8.5","","0","","","0","","0","","0","0","0","0","","","0","","0","0","","","0","","","0","","0"
"044ei","Nick Pope","NEW","G","Souf","@EVE Sat 10:30AM","148.5","12.38","96%","-2.2%","Nov 9","BRF","L 1-3","11.5","","0","","","0","","0","","0","0","0","0","","","0","","4","0","","","1","","","0","","0"
"044ei","Nick Pope","NEW","G","Souf","@EVE Sat 10:30AM","148.5","12.38","96%","-2.2%","Nov 2","WHU","L 1-3","12","","0","","","0","","0","","0","0","0","0","","","0","","7","0","","","0","","","0","","0"
"044ei","Nick Pope","NEW","G","Souf","@EVE Sat 10:30AM","148.5","12.38","96%","-2.2%","Oct 25","FUL","W 2-1","8","","0","","","0","","0","","0","0","0","0","","","0","","0","0","","","0","","","0","","0"
"044ei","Nick Pope","NEW","G","Souf","@EVE Sat 10:30AM","148.5","12.38","96%","-2.2%","Oct 18","BHA","L 1-2","8.5","","0","","","0","","0","","0","0","0","0","","","0","","3","0","","","1","","","0","","0"
"044ei","Nick Pope","NEW","G","Souf","@EVE Sat 10:30AM","148.5","12.38","96%","-2.2%","Oct 5","NOT","W 2-0","17","","0","","","0","","0","","0","0","0","0","","","0","","1","0","","","0","","","0","","1"
"044ei","Nick Pope","NEW","G","Souf","@EVE Sat 10:30AM","148.5","12.38","96%","-2.2%","Sep 28","ARS","L 1-2","16","","0","","","0","","0","","1","0","0","0","","","0","","3","0","","","1","","","0","","0"
"044ei","Nick Pope","NEW","G","Souf","@EVE Sat 10:30AM","148.5","12.38","96%","-2.2%","Sep 21","BOU","T 0-0","14.5","","0","","","0","","0","","0","0","0","0","","","0","","1","0","","","1","","","0","","1"
"044ei","Nick Pope","NEW","G","Souf","@EVE Sat 10:30AM","148.5","12.38","96%","-2.2%","Sep 13","WOL","W 1-0","15.5","","0","","","0","","0","","0","0","0","0","","","0","","0","0","","","1","","","0","","1"
"044ei","Nick Pope","NEW","G","Souf","@EVE Sat 10:30AM","148.5","12.38","96%","-2.2%","Aug 30","LEE","T 0-0","12","","0","","","0","","0","","0","0","1","0","","","0","","1","0","","","2","","","0","","1"
"044ei","Nick Pope","NEW","G","Souf","@EVE Sat 10:30AM","148.5","12.38","96%","-2.2%","Aug 25","LIV","L 2-3","7","","0","","","0","","0","","0","0","0","0","","","0","","1","0","","","0","","","0","","0"
"044ei","Nick Pope","NEW","G","Souf","@EVE Sat 10:30AM","148.5","12.38","96%","-2.2%","Aug 16","AVL","T 0-0","18","","0","","","0","","0","","0","0","0","0","","","0","","1","0","","","1","","","0","","1"
"04mr4","Martin Dubravka","BUR","G","Skyler","@BRF Sat 8:00AM","120","10","45%","-5.6%","Nov 22","CHE","L 0-2","11.5","","0","","","0","","0","","0","0","0","0","","","0","","5","0","","","2","","","0","","0"
"04mr4","Martin Dubravka","BUR","G","Skyler","@BRF Sat 8:00AM","120","10","45%","-5.6%","Nov 8","WHU","L 2-3","3","","0","","","0","","0","","0","0","0","0","","","0","","0","0","","","0","","","0","","0"
"04mr4","Martin Dubravka","BUR","G","Skyler","@BRF Sat 8:00AM","120","10","45%","-5.6%","Nov 1","ARS","L 0-2","10.5","","0","","","0","","0","","0","0","0","0","","","0","","1","0","","","2","","","0","","0"
"04mr4","Martin Dubravka","BUR","G","Skyler","@BRF Sat 8:00AM","120","10","45%","-5.6%","Oct 26","WOL","W 3-2","9","","0","","","0","","0","","0","0","0","0","","","0","","1","0","","","0","","","0","","0"
"04mr4","Martin Dubravka","BUR","G","Skyler","@BRF Sat 8:00AM","120","10","45%","-5.6%","Oct 18","LEE","W 2-0","19.5","","0","","","0","","0","","0","0","0","0","","","0","","3","0","","","1","","","0","","1"
"04mr4","Martin Dubravka","BUR","G","Skyler","@BRF Sat 8:00AM","120","10","45%","-5.6%","Oct 5","AVL","L 1-2","7.5","","0","","","0","","0","","0","0","0","0","","","0","","0","0","","","0","","","0","","0"
"04mr4","Martin Dubravka","BUR","G","Skyler","@BRF Sat 8:00AM","120","10","45%","-5.6%","Sep 27","MCI","L 1-5","5.5","","0","","","0","","0","","0","0","0","0","","","0","","2","0","","","0","","","0","","0"
"04mr4","Martin Dubravka","BUR","G","Skyler","@BRF Sat 8:00AM","120","10","45%","-5.6%","Sep 20","NOT","T 1-1","15","","0","","","0","","0","","0","0","0","0","","","0","","1","0","","","0","","","0","","0"
"04mr4","Martin Dubravka","BUR","G","Skyler","@BRF Sat 8:00AM","120","10","45%","-5.6%","Sep 14","LIV","L 0-1","12.5","","0","","","0","","0","","0","0","0","0","","","0","","4","0","","","2","","","0","","0"
"04mr4","Martin Dubravka","BUR","G","Skyler","@BRF Sat 8:00AM","120","10","45%","-5.6%","Aug 30","MUN","L 2-3","7.5","","0","","","0","","0","","0","0","0","0","","","0","","2","0","","","1","","","0","","0"
"04mr4","Martin Dubravka","BUR","G","Skyler","@BRF Sat 8:00AM","120","10","45%","-5.6%","Aug 23","SUN","W 2-0","11.5","","0","","","0","","0","","0","0","0","0","","","0","","2","0","","","0","","","0","","1"
"04mr4","Martin Dubravka","BUR","G","Skyler","@BRF Sat 8:00AM","120","10","45%","-5.6%","Aug 16","TOT","L 0-3","7","","0","","","0","","0","","0","0","0","0","","","0","","0","0","","","0","","","0","","0"
"032f9","Jordan Pickford","EVE","G","Ellis","NEW Sat 10:30AM","114.5","9.54","92%","-0.9%","Nov 24","MUN","W 1-0","19.5","","0","","","0","","0","","0","0","0","0","","","0","","2","0","","","0","","","0","","1"
"032f9","Jordan Pickford","EVE","G","Ellis","NEW Sat 10:30AM","114.5","9.54","92%","-0.9%","Nov 8","FUL","W 2-0","16.5","","0","","","0","","0","","0","0","0","0","","","0","","1","0","","","0","","","0","","1"
"032f9","Jordan Pickford","EVE","G","Ellis","NEW Sat 10:30AM","114.5","9.54","92%","-0.9%","Nov 3","SUN","T 1-1","5","","0","","","0","","0","","0","0","0","0","","","0","","2","0","","","0","","","0","","0"
"032f9","Jordan Pickford","EVE","G","Ellis","NEW Sat 10:30AM","114.5","9.54","92%","-0.9%","Oct 26","TOT","L 0-3","0","","0","","","0","","0","","0","0","0","0","","","0","","2","0","","","1","","","0","","0"
"032f9","Jordan Pickford","EVE","G","Ellis","NEW Sat 10:30AM","114.5","9.54","92%","-0.9%","Oct 18","MCI","L 0-2","11","","0","","","0","","0","","0","0","0","0","","","0","","1","0","","","0","","","0","","0"
"032f9","Jordan Pickford","EVE","G","Ellis","NEW Sat 10:30AM","114.5","9.54","92%","-0.9%","Oct 5","CRY","W 2-1","11","","0","","","0","","0","","0","0","0","0","","","0","","2","0","","","0","","","0","","0"
"032f9","Jordan Pickford","EVE","G","Ellis","NEW Sat 10:30AM","114.5","9.54","92%","-0.9%","Sep 29","WHU","T 1-1","6.5","","0","","","0","","0","","1","0","0","0","","","0","","1","0","","","0","","","0","","0"
"032f9","Jordan Pickford","EVE","G","Ellis","NEW Sat 10:30AM","114.5","9.54","92%","-0.9%","Sep 20","LIV","L 1-2","1","","0","","","0","","0","","0","0","0","0","","","0","","1","0","","","0","","","0","","0"
"032f9","Jordan Pickford","EVE","G","Ellis","NEW Sat 10:30AM","114.5","9.54","92%","-0.9%","Sep 13","AVL","T 0-0","9","","0","","","0","","0","","0","0","0","0","","","0","","1","0","","","0","","","0","","1"
"032f9","Jordan Pickford","EVE","G","Ellis","NEW Sat 10:30AM","114.5","9.54","92%","-0.9%","Aug 30","WOL","W 3-2","3.5","","0","","","0","","0","","0","0","0","0","","","0","","3","0","","","0","","","0","","0"
"032f9","Jordan Pickford","EVE","G","Ellis","NEW Sat 10:30AM","114.5","9.54","92%","-0.9%","Aug 24","BHA","W 2-0","25.5","","0","","","0","","0","","0","0","0","0","","","0","","2","0","","","1","","","0","","1"
"032f9","Jordan Pickford","EVE","G","Ellis","NEW Sat 10:30AM","114.5","9.54","92%","-0.9%","Aug 18","LEE","L 0-1","6","","0","","","0","","0","","0","0","0","0","","","0","","3","0","","","0","","","0","","0"
"03yww","Dean Henderson","CRY","G","ZDM","MUN Sun 5:00AM","112","9.33","88%","+4.7%","Nov 22","WOL","W 2-0","7.5","","0","","","0","","0","","0","0","0","0","","","0","","0","0","","","0","","","0","","1"
"03yww","Dean Henderson","CRY","G","ZDM","MUN Sun 5:00AM","112","9.33","88%","+4.7%","Nov 9","BHA","T 0-0","18.5","","0","","","0","","0","","0","0","0","0","","","0","","6","0","","","1","","","0","","1"
"03yww","Dean Henderson","CRY","G","ZDM","MUN Sun 5:00AM","112","9.33","88%","+4.7%","Nov 1","BRF","W 2-0","14","","0","","","0","","0","","0","0","0","0","","","0","","1","0","","","0","","","0","","1"
"03yww","Dean Henderson","CRY","G","ZDM","MUN Sun 5:00AM","112","9.33","88%","+4.7%","Oct 26","ARS","L 0-1","5","","0","","","0","","0","","0","0","0","0","","","0","","0","0","","","0","","","0","","0"
"03yww","Dean Henderson","CRY","G","ZDM","MUN Sun 5:00AM","112","9.33","88%","+4.7%","Oct 18","BOU","T 3-3","1","","0","","","0","","0","","0","0","0","0","","","0","","0","0","","","0","","","0","","0"
"03yww","Dean Henderson","CRY","G","ZDM","MUN Sun 5:00AM","112","9.33","88%","+4.7%","Oct 5","EVE","L 1-2","10.5","","0","","","0","","0","","0","0","0","0","","","0","","0","0","","","0","","","0","","0"
"03yww","Dean Henderson","CRY","G","ZDM","MUN Sun 5:00AM","112","9.33","88%","+4.7%","Sep 27","LIV","W 2-1","7.5","","0","","","0","","0","","0","0","0","0","","","0","","0","0","","","1","","","0","","0"
"03yww","Dean Henderson","CRY","G","ZDM","MUN Sun 5:00AM","112","9.33","88%","+4.7%","Sep 20","WHU","W 2-1","7.5","","0","","","0","","0","","0","0","1","0","","","0","","3","0","","","3","","","0","","0"
"03yww","Dean Henderson","CRY","G","ZDM","MUN Sun 5:00AM","112","9.33","88%","+4.7%","Sep 13","SUN","T 0-0","6.5","","0","","","0","","0","","0","0","0","0","","","0","","1","0","","","0","","","0","","1"
"03yww","Dean Henderson","CRY","G","ZDM","MUN Sun 5:00AM","112","9.33","88%","+4.7%","Aug 31","AVL","W 3-0","19","","0","","","0","","0","","0","0","0","0","","","0","","0","0","","","0","","","0","","1"
"03yww","Dean Henderson","CRY","G","ZDM","MUN Sun 5:00AM","112","9.33","88%","+4.7%","Aug 24","NOT","T 1-1","1","","0","","","0","","0","","0","0","0","0","","","0","","0","0","","","1","","","0","","0"
"03yww","Dean Henderson","CRY","G","ZDM","MUN Sun 5:00AM","112","9.33","88%","+4.7%","Aug 17","CHE","T 0-0","14","","0","","","1","","0","","0","0","0","0","","","0","","2","0","","","0","","","0","","1"
"06cmb","Guglielmo Vicario","TOT","G","FA","FUL Sat 1:00PM","109.5","9.12","85%","-4.1%","Nov 23","ARS","L 1-4","4.5","","0","","","0","","0","","0","0","0","0","","","0","","1","0","","","0","","","0","","0"
"06cmb","Guglielmo Vicario","TOT","G","FA","FUL Sat 1:00PM","109.5","9.12","85%","-4.1%","Nov 8","MUN","T 2-2","-1","","0","","","0","","0","","0","0","0","0","","","0","","0","0","","","0","","","0","","0"
"06cmb","Guglielmo Vicario","TOT","G","FA","FUL Sat 1:00PM","109.5","9.12","85%","-4.1%","Nov 1","CHE","L 0-1","18.5","","0","","","0","","0","","0","0","0","0","","","0","","3","0","","","1","","","0","","0"
"06cmb","Guglielmo Vicario","TOT","G","FA","FUL Sat 1:00PM","109.5","9.12","85%","-4.1%","Oct 26","EVE","W 3-0","15","","0","","","0","","0","","0","0","0","0","","","0","","2","0","","","0","","","0","","1"
"06cmb","Guglielmo Vicario","TOT","G","FA","FUL Sat 1:00PM","109.5","9.12","85%","-4.1%","Oct 19","AVL","L 1-2","-1","","0","","","0","","0","","0","0","0","0","","","0","","2","0","","","0","","","0","","0"
"06cmb","Guglielmo Vicario","TOT","G","FA","FUL Sat 1:00PM","109.5","9.12","85%","-4.1%","Oct 4","LEE","W 2-1","7.5","","0","","","0","","0","","0","0","0","0","","","0","","0","0","","","1","","","0","","0"
"06cmb","Guglielmo Vicario","TOT","G","FA","FUL Sat 1:00PM","109.5","9.12","85%","-4.1%","Sep 27","WOL","T 1-1","5","","0","","","0","","0","","0","0","0","0","","","0","","0","0","","","0","","","0","","0"
"06cmb","Guglielmo Vicario","TOT","G","FA","FUL Sat 1:00PM","109.5","9.12","85%","-4.1%","Sep 20","BHA","T 2-2","1.5","","0","","","0","","0","","0","0","0","0","","","0","","1","0","","","0","","","0","","0"
"06cmb","Guglielmo Vicario","TOT","G","FA","FUL Sat 1:00PM","109.5","9.12","85%","-4.1%","Sep 13","WHU","W 3-0","17.5","","0","","","0","","0","","0","0","0","0","","","0","","2","0","","","0","","","0","","1"
"06cmb","Guglielmo Vicario","TOT","G","FA","FUL Sat 1:00PM","109.5","9.12","85%","-4.1%","Aug 30","BOU","L 0-1","12","","0","","","0","","0","","0","0","0","0","","","0","","0","0","","","0","","","0","","0"
"06cmb","Guglielmo Vicario","TOT","G","FA","FUL Sat 1:00PM","109.5","9.12","85%","-4.1%","Aug 23","MCI","W 2-0","15","","0","","","0","","0","","0","0","0","0","","","0","","1","0","","","0","","","0","","1"
"06cmb","Guglielmo Vicario","TOT","G","FA","FUL Sat 1:00PM","109.5","9.12","85%","-4.1%","Aug 16","BUR","W 3-0","15","","0","","","0","","0","","0","0","0","0","","","0","","1","0","","","0","","","0","","1"
"04qor","Bernd Leno","FUL","G","FA","@TOT Sat 1:00PM","105.5","8.79","45%","-1%","Nov 22","SUN","W 1-0","11","","0","","","0","","0","","0","0","1","0","","","0","","0","0","","","0","","","0","","1"
"04qor","Bernd Leno","FUL","G","FA","@TOT Sat 1:00PM","105.5","8.79","45%","-1%","Nov 8","EVE","L 0-2","4.5","","0","","","0","","0","","0","0","0","0","","","0","","1","0","","","0","","","0","","0"
"04qor","Bernd Leno","FUL","G","FA","@TOT Sat 1:00PM","105.5","8.79","45%","-1%","Nov 1","WOL","W 3-0","14","","0","","","0","","0","","0","0","0","0","","","0","","1","0","","","1","","","0","","1"
"04qor","Bernd Leno","FUL","G","FA","@TOT Sat 1:00PM","105.5","8.79","45%","-1%","Oct 25","NEW","L 1-2","9.5","","0","","","0","","0","","0","0","0","0","","","0","","1","0","","","1","","","0","","0"
"04qor","Bernd Leno","FUL","G","FA","@TOT Sat 1:00PM","105.5","8.79","45%","-1%","Oct 18","ARS","L 0-1","14","","0","","","0","","0","","0","0","0","0","","","0","","2","0","","","1","","","0","","0"
"04qor","Bernd Leno","FUL","G","FA","@TOT Sat 1:00PM","105.5","8.79","45%","-1%","Oct 3","BOU","L 1-3","5","","0","","","0","","0","","0","0","0","0","","","0","","2","0","","","0","","","0","","0"
"04qor","Bernd Leno","FUL","G","FA","@TOT Sat 1:00PM","105.5","8.79","45%","-1%","Sep 28","AVL","L 1-3","3","","0","","","0","","0","","0","0","0","0","","","0","","1","0","","","0","","","0","","0"
"04qor","Bernd Leno","FUL","G","FA","@TOT Sat 1:00PM","105.5","8.79","45%","-1%","Sep 20","BRF","W 3-1","7","","0","","","0","","0","","0","0","1","0","","","0","","1","0","","","2","","","0","","0"
"04qor","Bernd Leno","FUL","G","FA","@TOT Sat 1:00PM","105.5","8.79","45%","-1%","Sep 13","LEE","W 1-0","13.5","","0","","","0","","0","","0","0","0","0","","","0","","1","0","","","0","","","0","","1"
"04qor","Bernd Leno","FUL","G","FA","@TOT Sat 1:00PM","105.5","8.79","45%","-1%","Aug 30","CHE","L 0-2","6.5","","0","","","0","","0","","0","0","0","0","","","0","","0","0","","","0","","","0","","0"
"04qor","Bernd Leno","FUL","G","FA","@TOT Sat 1:00PM","105.5","8.79","45%","-1%","Aug 24","MUN","T 1-1","9.5","","0","","","0","","0","","0","0","0","0","","","0","","2","0","","","1","","","0","","0"
"04qor","Bernd Leno","FUL","G","FA","@TOT Sat 1:00PM","105.5","8.79","45%","-1%","Aug 16","BHA","T 1-1","8","","0","","","0","","0","","0","0","0","0","","","0","","1","0","","","1","","","0","","0"
"06fuw","Djordje Petrovic","BOU","G","Souf","@SUN Sat 8:00AM","101","8.42","76%","-0.1%","Nov 22","WHU","T 2-2","-2","","0","","","0","","0","","0","0","0","0","","","0","","0","0","","","0","","","0","","0"
"06fuw","Djordje Petrovic","BOU","G","Souf","@SUN Sat 8:00AM","101","8.42","76%","-0.1%","Nov 9","AVL","L 0-4","4","","0","","","0","","0","","0","0","0","0","","","0","","2","0","","","0","","","0","","0"
"06fuw","Djordje Petrovic","BOU","G","Souf","@SUN Sat 8:00AM","101","8.42","76%","-0.1%","Nov 2","MCI","L 1-3","9.5","","0","","","0","","0","","0","0","0","0","","","0","","3","0","","","0","","","0","","0"
"06fuw","Djordje Petrovic","BOU","G","Souf","@SUN Sat 8:00AM","101","8.42","76%","-0.1%","Oct 26","NOT","W 2-0","17","","0","","","0","","0","","0","0","0","0","","","0","","2","0","","","0","","","0","","1"
"06fuw","Djordje Petrovic","BOU","G","Souf","@SUN Sat 8:00AM","101","8.42","76%","-0.1%","Oct 18","CRY","T 3-3","10.5","","0","","","0","","0","","0","0","0","0","","","0","","3","0","","","2","","","0","","0"
"06fuw","Djordje Petrovic","BOU","G","Souf","@SUN Sat 8:00AM","101","8.42","76%","-0.1%","Oct 3","FUL","W 3-1","6","","0","","","0","","0","","0","0","0","0","","","0","","2","0","","","0","","","0","","0"
"06fuw","Djordje Petrovic","BOU","G","Souf","@SUN Sat 8:00AM","101","8.42","76%","-0.1%","Sep 27","LEE","T 2-2","10.5","","0","","","0","","0","","0","0","0","0","","","0","","0","0","","","0","","","0","","0"
"06fuw","Djordje Petrovic","BOU","G","Souf","@SUN Sat 8:00AM","101","8.42","76%","-0.1%","Sep 21","NEW","T 0-0","10.5","","0","","","0","","0","","0","0","0","0","","","0","","1","0","","","0","","","0","","1"
"06fuw","Djordje Petrovic","BOU","G","Souf","@SUN Sat 8:00AM","101","8.42","76%","-0.1%","Sep 13","BHA","W 2-1","0","","0","","","0","","0","","0","0","0","0","","","0","","1","0","","","0","","","0","","0"
"06fuw","Djordje Petrovic","BOU","G","Souf","@SUN Sat 8:00AM","101","8.42","76%","-0.1%","Aug 30","TOT","W 1-0","13","","0","","","0","","0","","0","0","1","0","","","0","","2","0","","","1","","","0","","1"
"06fuw","Djordje Petrovic","BOU","G","Souf","@SUN Sat 8:00AM","101","8.42","76%","-0.1%","Aug 23","WOL","W 1-0","12","","0","","","0","","0","","0","0","0","0","","","0","","2","0","","","1","","","0","","1"
"06fuw","Djordje Petrovic","BOU","G","Souf","@SUN Sat 8:00AM","101","8.42","76%","-0.1%","Aug 15","LIV","L 2-4","10","","0","","","0","","0","","0","0","0","0","","","0","","4","0","","","0","","","0","","0"
"04yme","Robert Sanchez","CHE","G","Skyler","ARS Sun 9:30AM","92","7.67","82%","+1.1%","Nov 22","BUR","W 2-0","11","","0","","","0","","0","","0","0","0","0","","","0","","0","0","","","0","","","0","","1"
"04yme","Robert Sanchez","CHE","G","Skyler","ARS Sun 9:30AM","92","7.67","82%","+1.1%","Nov 8","WOL","W 3-0","7.5","","0","","","0","","0","","0","0","0","0","","","0","","1","0","","","0","","","0","","1"
"04yme","Robert Sanchez","CHE","G","Skyler","ARS Sun 9:30AM","92","7.67","82%","+1.1%","Nov 1","TOT","W 1-0","17.5","","0","","","0","","0","","0","0","0","0","","","0","","1","0","","","3","","","0","","1"
"04yme","Robert Sanchez","CHE","G","Skyler","ARS Sun 9:30AM","92","7.67","82%","+1.1%","Oct 25","SUN","L 1-2","4.5","","0","","","0","","0","","0","0","0","0","","","0","","1","0","","","1","","","0","","0"
"04yme","Robert Sanchez","CHE","G","Skyler","ARS Sun 9:30AM","92","7.67","82%","+1.1%","Oct 18","NOT","W 3-0","12","","0","","","0","","0","","0","0","1","0","","","1","","0","0","","","0","","","0","","1"
"04yme","Robert Sanchez","CHE","G","Skyler","ARS Sun 9:30AM","92","7.67","82%","+1.1%","Oct 4","LIV","W 2-1","2.5","","0","","","0","","0","","0","0","0","0","","","0","","0","0","","","1","","","0","","0"
"04yme","Robert Sanchez","CHE","G","Skyler","ARS Sun 9:30AM","92","7.67","82%","+1.1%","Sep 27","BHA","L 1-3","6","","0","","","2","","0","","0","0","0","0","","","0","","0","0","","","1","","","0","","0"
"04yme","Robert Sanchez","CHE","G","Skyler","ARS Sun 9:30AM","92","7.67","82%","+1.1%","Sep 20","MUN","L 1-2","-4.5","","0","","","0","","0","","0","0","0","1","","","0","","0","0","","","0","","","0","","0"
"04yme","Robert Sanchez","CHE","G","Skyler","ARS Sun 9:30AM","92","7.67","82%","+1.1%","Sep 13","BRF","T 2-2","7.5","","0","","","0","","0","","0","0","0","0","","","0","","2","0","","","0","","","0","","0"
"04yme","Robert Sanchez","CHE","G","Skyler","ARS Sun 9:30AM","92","7.67","82%","+1.1%","Aug 30","FUL","W 2-0","7.5","","0","","","0","","0","","0","0","0","0","","","0","","0","0","","","0","","","0","","1"
"04yme","Robert Sanchez","CHE","G","Skyler","ARS Sun 9:30AM","92","7.67","82%","+1.1%","Aug 22","WHU","W 5-1","5.5","","0","","","0","","0","","0","0","0","0","","","0","","0","0","","","0","","","0","","0"
"04yme","Robert Sanchez","CHE","G","Skyler","ARS Sun 9:30AM","92","7.67","82%","+1.1%","Aug 17","CRY","T 0-0","15","","0","","","0","","0","","0","0","0","0","","","0","","1","0","","","1","","","0","","1"
"05tqx","David Raya","ARS","G","Nukes","@CHE Sun 9:30AM","88","7.33","99%","-0.5%","Nov 23","TOT","W 4-1","2.5","","0","","","0","","0","","0","0","0","0","","","0","","0","0","","","0","","","0","","0"
"05tqx","David Raya","ARS","G","Nukes","@CHE Sun 9:30AM","88","7.33","99%","-0.5%","Nov 8","SUN","T 2-2","-2","","0","","","0","","0","","0","0","0","0","","","0","","0","0","","","0","","","0","","0"
"05tqx","David Raya","ARS","G","Nukes","@CHE Sun 9:30AM","88","7.33","99%","-0.5%","Nov 1","BUR","W 2-0","7.5","","0","","","0","","0","","0","0","0","0","","","0","","1","0","","","0","","","0","","1"
"05tqx","David Raya","ARS","G","Nukes","@CHE Sun 9:30AM","88","7.33","99%","-0.5%","Oct 26","CRY","W 1-0","10.5","","0","","","0","","0","","0","0","0","0","","","0","","2","0","","","1","","","0","","1"
"05tqx","David Raya","ARS","G","Nukes","@CHE Sun 9:30AM","88","7.33","99%","-0.5%","Oct 18","FUL","W 1-0","7","","0","","","0","","0","","0","0","0","0","","","0","","2","0","","","0","","","0","","1"
"05tqx","David Raya","ARS","G","Nukes","@CHE Sun 9:30AM","88","7.33","99%","-0.5%","Oct 4","WHU","W 2-0","6","","0","","","0","","0","","0","0","0","0","","","0","","0","0","","","0","","","0","","1"
"05tqx","David Raya","ARS","G","Nukes","@CHE Sun 9:30AM","88","7.33","99%","-0.5%","Sep 28","NEW","W 2-1","4.5","","0","","","0","","0","","0","0","0","0","","","0","","2","0","","","0","","","0","","0"
"05tqx","David Raya","ARS","G","Nukes","@CHE Sun 9:30AM","88","7.33","99%","-0.5%","Sep 21","MCI","T 1-1","4.5","","0","","","0","","0","","0","0","0","0","","","0","","1","0","","","0","","","0","","0"
"05tqx","David Raya","ARS","G","Nukes","@CHE Sun 9:30AM","88","7.33","99%","-0.5%","Sep 13","NOT","W 3-0","8.5","","0","","","0","","0","","0","0","0","0","","","0","","0","0","","","0","","","0","","1"
"05tqx","David Raya","ARS","G","Nukes","@CHE Sun 9:30AM","88","7.33","99%","-0.5%","Aug 31","LIV","L 0-1","7","","0","","","1","","0","","0","0","0","0","","","0","","0","0","","","0","","","0","","0"
"05tqx","David Raya","ARS","G","Nukes","@CHE Sun 9:30AM","88","7.33","99%","-0.5%","Aug 23","LEE","W 5-0","8.5","","0","","","0","","0","","0","0","0","0","","","0","","0","0","","","0","","","0","","1"
"05tqx","David Raya","ARS","G","Nukes","@CHE Sun 9:30AM","88","7.33","99%","-0.5%","Aug 17","MUN","W 1-0","23.5","","0","","","0","","0","","0","0","1","0","","","0","","1","0","","","1","","","0","","1"
"05oef","Alphonse Areola","WHU","G","FA","LIV Sun 7:05AM","85","10.62","10%","-1.3%","Nov 22","BOU","T 2-2","28.5","","0","","","1","","0","","0","0","0","0","","","0","","3","0","","","1","","","0","","0"
"05oef","Alphonse Areola","WHU","G","FA","LIV Sun 7:05AM","85","10.62","10%","-1.3%","Nov 8","BUR","W 3-2","8.5","","0","","","0","","0","","0","0","0","0","","","0","","1","0","","","1","","","0","","0"
"05oef","Alphonse Areola","WHU","G","FA","LIV Sun 7:05AM","85","10.62","10%","-1.3%","Nov 2","NEW","W 3-1","8.5","","0","","","0","","0","","0","0","0","0","","","0","","2","0","","","0","","","0","","0"
"05oef","Alphonse Areola","WHU","G","FA","LIV Sun 7:05AM","85","10.62","10%","-1.3%","Oct 24","LEE","L 1-2","4.5","","0","","","0","","0","","0","0","0","0","","","0","","0","0","","","0","","","0","","0"
"05oef","Alphonse Areola","WHU","G","FA","LIV Sun 7:05AM","85","10.62","10%","-1.3%","Oct 20","BRF","L 0-2","10.5","","0","","","0","","0","","0","0","0","0","","","0","","0","0","","","0","","","0","","0"
"05oef","Alphonse Areola","WHU","G","FA","LIV Sun 7:05AM","85","10.62","10%","-1.3%","Oct 4","ARS","L 0-2","8.5","","0","","","0","","0","","0","0","0","0","","","0","","2","0","","","0","","","0","","0"
"05oef","Alphonse Areola","WHU","G","FA","LIV Sun 7:05AM","85","10.62","10%","-1.3%","Sep 29","EVE","T 1-1","12","","0","","","0","","0","","0","0","0","0","","","1","","1","0","","","0","","","0","","0"
"05oef","Alphonse Areola","WHU","G","FA","LIV Sun 7:05AM","85","10.62","10%","-1.3%","Sep 20","CRY","L 1-2","4","","0","","","0","","0","","0","0","0","0","","","0","","2","0","","","0","","","0","","0"
"02lz0","Emiliano Martinez","AVL","G","ZDM","WOL Sun 7:05AM","83.5","8.35","51%","+13.8%","Nov 23","LEE","W 2-1","9.5","","0","","","0","","0","","0","0","0","0","","","0","","0","0","","","0","","","0","","0"
"02lz0","Emiliano Martinez","AVL","G","ZDM","WOL Sun 7:05AM","83.5","8.35","51%","+13.8%","Nov 9","BOU","W 4-0","22","","0","","","0","","0","","0","0","0","0","","","0","","1","0","","","0","","","0","","1"
"02lz0","Emiliano Martinez","AVL","G","ZDM","WOL Sun 7:05AM","83.5","8.35","51%","+13.8%","Nov 1","LIV","L 0-2","-1","","0","","","0","","0","","0","0","0","0","","","0","","0","0","","","0","","","0","","0"
"02lz0","Emiliano Martinez","AVL","G","ZDM","WOL Sun 7:05AM","83.5","8.35","51%","+13.8%","Oct 26","MCI","W 1-0","15.5","","0","","","0","","0","","0","0","0","0","","","0","","0","0","","","0","","","0","","1"
"02lz0","Emiliano Martinez","AVL","G","ZDM","WOL Sun 7:05AM","83.5","8.35","51%","+13.8%","Oct 19","TOT","W 2-1","6","","0","","","0","","0","","0","0","0","0","","","0","","2","0","","","0","","","0","","0"
"02lz0","Emiliano Martinez","AVL","G","ZDM","WOL Sun 7:05AM","83.5","8.35","51%","+13.8%","Oct 5","BUR","W 2-1","1","","0","","","0","","0","","0","0","1","0","","","0","","1","0","","","0","","","0","","0"
"02lz0","Emiliano Martinez","AVL","G","ZDM","WOL Sun 7:05AM","83.5","8.35","51%","+13.8%","Sep 28","FUL","W 3-1","7","","0","","","0","","0","","0","0","0","0","","","0","","1","0","","","1","","","0","","0"
"02lz0","Emiliano Martinez","AVL","G","ZDM","WOL Sun 7:05AM","83.5","8.35","51%","+13.8%","Sep 21","SUN","T 1-1","6.5","","0","","","0","","0","","0","0","0","0","","","0","","1","0","","","1","","","0","","0"
"02lz0","Emiliano Martinez","AVL","G","ZDM","WOL Sun 7:05AM","83.5","8.35","51%","+13.8%","Sep 13","EVE","T 0-0","14.5","","0","","","0","","0","","0","0","0","0","","","0","","2","0","","","1","","","0","","1"
"02lz0","Emiliano Martinez","AVL","G","ZDM","WOL Sun 7:05AM","83.5","8.35","51%","+13.8%","Aug 23","BRF","L 0-1","2.5","","0","","","0","","0","","0","0","0","0","","","0","","0","0","","","1","","","0","","0"
"04f6h","Matz Sels","NOT","G","Hopeless","BHA Sun 7:05AM","81.5","6.79","46%","-6.2%","Nov 22","LIV","W 3-0","19","","0","","","1","","0","","0","0","0","0","","","0","","2","0","","","1","","","0","","1"
"04f6h","Matz Sels","NOT","G","Hopeless","BHA Sun 7:05AM","81.5","6.79","46%","-6.2%","Nov 9","LEE","W 3-1","3","","0","","","0","","0","","0","0","0","0","","","0","","0","0","","","0","","","0","","0"
"04f6h","Matz Sels","NOT","G","Hopeless","BHA Sun 7:05AM","81.5","6.79","46%","-6.2%","Nov 1","MUN","T 2-2","6.5","","0","","","0","","0","","0","0","0","0","","","0","","1","0","","","0","","","0","","0"
"04f6h","Matz Sels","NOT","G","Hopeless","BHA Sun 7:05AM","81.5","6.79","46%","-6.2%","Oct 26","BOU","L 0-2","3","","0","","","0","","0","","0","0","0","0","","","0","","1","0","","","0","","","0","","0"
"04f6h","Matz Sels","NOT","G","Hopeless","BHA Sun 7:05AM","81.5","6.79","46%","-6.2%","Oct 18","CHE","L 0-3","3.5","","0","","","0","","0","","0","0","0","0","","","0","","2","0","","","1","","","0","","0"
"04f6h","Matz Sels","NOT","G","Hopeless","BHA Sun 7:05AM","81.5","6.79","46%","-6.2%","Oct 5","NEW","L 0-2","12","","0","","","0","","0","","0","0","0","0","","","0","","0","0","","","0","","","0","","0"
"04f6h","Matz Sels","NOT","G","Hopeless","BHA Sun 7:05AM","81.5","6.79","46%","-6.2%","Sep 27","SUN","L 0-1","5","","0","","","0","","0","","0","0","0","0","","","0","","1","0","","","0","","","0","","0"
"04f6h","Matz Sels","NOT","G","Hopeless","BHA Sun 7:05AM","81.5","6.79","46%","-6.2%","Sep 20","BUR","T 1-1","9","","0","","","0","","0","","0","0","0","0","","","0","","2","0","","","0","","","0","","0"
"04f6h","Matz Sels","NOT","G","Hopeless","BHA Sun 7:05AM","81.5","6.79","46%","-6.2%","Sep 13","ARS","L 0-3","4","","0","","","0","","0","","0","0","0","0","","","0","","2","0","","","0","","","0","","0"
"04f6h","Matz Sels","NOT","G","Hopeless","BHA Sun 7:05AM","81.5","6.79","46%","-6.2%","Aug 31","WHU","L 0-3","8","","0","","","0","","0","","0","0","0","0","","","0","","1","0","","","0","","","0","","0"
"04f6h","Matz Sels","NOT","G","Hopeless","BHA Sun 7:05AM","81.5","6.79","46%","-6.2%","Aug 24","CRY","T 1-1","5.5","","0","","","0","","0","","0","0","1","0","","","0","","0","0","","","0","","","0","","0"
"04f6h","Matz Sels","NOT","G","Hopeless","BHA Sun 7:05AM","81.5","6.79","46%","-6.2%","Aug 17","BRF","W 3-1","3","","0","","","0","","0","","0","0","0","0","","","0","","0","0","","","0","","","0","","0"
"06cmu","Bart Verbruggen","BHA","G","FA","@NOT Sun 7:05AM","80","6.67","15%","+2.1%","Nov 22","BRF","W 2-1","14.5","","0","","","0","","0","","0","0","1","0","","","0","","1","0","","","0","","","0","","0"
"06cmu","Bart Verbruggen","BHA","G","FA","@NOT Sun 7:05AM","80","6.67","15%","+2.1%","Nov 9","CRY","T 0-0","12","","0","","","0","","0","","0","0","0","0","","","0","","0","0","","","0","","","0","","1"
"06cmu","Bart Verbruggen","BHA","G","FA","@NOT Sun 7:05AM","80","6.67","15%","+2.1%","Nov 1","LEE","W 3-0","14","","0","","","0","","0","","0","0","0","0","","","0","","0","0","","","0","","","0","","1"
"06cmu","Bart Verbruggen","BHA","G","FA","@NOT Sun 7:05AM","80","6.67","15%","+2.1%","Oct 25","MUN","L 2-4","5","","0","","","0","","0","","0","0","0","0","","","0","","0","0","","","0","","","0","","0"
"06cmu","Bart Verbruggen","BHA","G","FA","@NOT Sun 7:05AM","80","6.67","15%","+2.1%","Oct 18","NEW","W 2-1","5.5","","0","","","0","","0","","0","0","0","0","","","0","","1","0","","","0","","","0","","0"
"06cmu","Bart Verbruggen","BHA","G","FA","@NOT Sun 7:05AM","80","6.67","15%","+2.1%","Oct 5","WOL","T 1-1","5.5","","0","","","0","","0","","0","0","0","0","","","0","","0","0","","","1","","","1","","0"
"06cmu","Bart Verbruggen","BHA","G","FA","@NOT Sun 7:05AM","80","6.67","15%","+2.1%","Sep 27","CHE","W 3-1","2.5","","0","","","0","","0","","0","0","0","0","","","0","","1","0","","","0","","","0","","0"
"06cmu","Bart Verbruggen","BHA","G","FA","@NOT Sun 7:05AM","80","6.67","15%","+2.1%","Sep 20","TOT","T 2-2","4","","0","","","0","","0","","0","0","0","0","","","0","","1","0","","","0","","","0","","0"
"06cmu","Bart Verbruggen","BHA","G","FA","@NOT Sun 7:05AM","80","6.67","15%","+2.1%","Sep 13","BOU","L 1-2","7.5","","0","","","0","","0","","0","0","0","0","","","0","","1","1","","","1","","","0","","0"
"06cmu","Bart Verbruggen","BHA","G","FA","@NOT Sun 7:05AM","80","6.67","15%","+2.1%","Aug 31","MCI","W 2-1","5","","0","","","0","","0","","0","0","0","0","","","0","","0","0","","","0","","","0","","0"
"06cmu","Bart Verbruggen","BHA","G","FA","@NOT Sun 7:05AM","80","6.67","15%","+2.1%","Aug 24","EVE","L 0-2","1.5","","0","","","1","","0","","0","0","0","0","","","0","","0","0","","","0","","","0","","0"
"06cmu","Bart Verbruggen","BHA","G","FA","@NOT Sun 7:05AM","80","6.67","15%","+2.1%","Aug 16","FUL","T 1-1","3","","0","","","0","","0","","0","0","0","0","","","0","","1","0","","","0","","","0","","0"
"045ob","Caoimhin Kelleher","BRF","G","FA","BUR Sat 8:00AM","77.5","6.46","54%","-1.9%","Nov 22","BHA","L 1-2","4.5","","0","","","0","","0","","0","0","0","0","","","0","","0","0","","","0","","","0","","0"
"045ob","Caoimhin Kelleher","BRF","G","FA","BUR Sat 8:00AM","77.5","6.46","54%","-1.9%","Nov 9","NEW","W 3-1","1","","0","","","0","","0","","0","0","0","0","","","0","","1","1","","","0","","","0","","0"
"045ob","Caoimhin Kelleher","BRF","G","FA","BUR Sat 8:00AM","77.5","6.46","54%","-1.9%","Nov 1","CRY","L 0-2","5","","0","","","0","","0","","0","0","0","0","","","0","","0","0","","","0","","","0","","0"
"045ob","Caoimhin Kelleher","BRF","G","FA","BUR Sat 8:00AM","77.5","6.46","54%","-1.9%","Oct 25","LIV","W 3-2","3.5","","0","","","0","","0","","0","0","0","0","","","0","","0","0","","","0","","","0","","0"
"045ob","Caoimhin Kelleher","BRF","G","FA","BUR Sat 8:00AM","77.5","6.46","54%","-1.9%","Oct 20","WHU","W 2-0","8.5","","0","","","0","","0","","0","0","0","0","","","0","","0","0","","","0","","","0","","1"
"045ob","Caoimhin Kelleher","BRF","G","FA","BUR Sat 8:00AM","77.5","6.46","54%","-1.9%","Oct 5","MCI","L 0-1","8.5","","0","","","0","","0","","0","0","0","0","","","0","","0","0","","","0","","","0","","0"
"045ob","Caoimhin Kelleher","BRF","G","FA","BUR Sat 8:00AM","77.5","6.46","54%","-1.9%","Sep 27","MUN","W 3-1","23","","0","","","1","","0","","0","0","0","0","","","0","","1","0","","","1","","","0","","0"
"045ob","Caoimhin Kelleher","BRF","G","FA","BUR Sat 8:00AM","77.5","6.46","54%","-1.9%","Sep 20","FUL","L 1-3","1","","0","","","0","","0","","0","0","0","0","","","0","","1","0","","","0","","","0","","0"
"045ob","Caoimhin Kelleher","BRF","G","FA","BUR Sat 8:00AM","77.5","6.46","54%","-1.9%","Sep 13","CHE","T 2-2","8.5","","0","","","0","","0","","0","0","0","0","","","0","","1","0","","","0","","","0","","0"
"045ob","Caoimhin Kelleher","BRF","G","FA","BUR Sat 8:00AM","77.5","6.46","54%","-1.9%","Aug 30","SUN","L 1-2","0.5","","0","","","0","","0","","0","0","0","0","","","0","","0","0","","","0","","","0","","0"
"045ob","Caoimhin Kelleher","BRF","G","FA","BUR Sat 8:00AM","77.5","6.46","54%","-1.9%","Aug 23","AVL","W 1-0","9","","0","","","0","","0","","0","0","1","0","","","0","","1","0","","","0","","","0","","1"
"045ob","Caoimhin Kelleher","BRF","G","FA","BUR Sat 8:00AM","77.5","6.46","54%","-1.9%","Aug 17","NOT","L 1-3","4.5","","0","","","0","","0","","0","0","0","0","","","0","","4","0","","","0","","","0","","0"
"070hs","Gianluigi Donnarumma","MCI","G","Fail FC","LEE Sat 8:00AM","77","8.56","79%","+0.8%","Nov 22","NEW","L 1-2","6","","0","","","0","","0","","0","0","1","0","","","0","","1","0","","","0","","","0","","0"
"070hs","Gianluigi Donnarumma","MCI","G","Fail FC","LEE Sat 8:00AM","77","8.56","79%","+0.8%","Nov 9","LIV","W 3-0","9","","0","","","0","","0","","0","0","0","0","","","0","","0","0","","","0","","","0","","1"
"070hs","Gianluigi Donnarumma","MCI","G","Fail FC","LEE Sat 8:00AM","77","8.56","79%","+0.8%","Nov 2","BOU","W 3-1","6.5","","0","","","0","","0","","0","0","1","0","","","0","","3","0","","","1","","","0","","0"
"070hs","Gianluigi Donnarumma","MCI","G","Fail FC","LEE Sat 8:00AM","77","8.56","79%","+0.8%","Oct 26","AVL","L 0-1","4.5","","0","","","0","","0","","0","0","0","0","","","0","","1","0","","","0","","","0","","0"
"070hs","Gianluigi Donnarumma","MCI","G","Fail FC","LEE Sat 8:00AM","77","8.56","79%","+0.8%","Oct 18","EVE","W 2-0","13.5","","0","","","0","","0","","0","0","0","0","","","0","","2","0","","","1","","","0","","1"
"070hs","Gianluigi Donnarumma","MCI","G","Fail FC","LEE Sat 8:00AM","77","8.56","79%","+0.8%","Oct 5","BRF","W 1-0","14.5","","0","","","0","","0","","0","0","0","0","","","0","","1","0","","","2","","","0","","1"
"070hs","Gianluigi Donnarumma","MCI","G","Fail FC","LEE Sat 8:00AM","77","8.56","79%","+0.8%","Sep 27","BUR","W 5-1","0.5","","0","","","0","","0","","0","0","0","0","","","0","","0","0","","","0","","","0","","0"
"070hs","Gianluigi Donnarumma","MCI","G","Fail FC","LEE Sat 8:00AM","77","8.56","79%","+0.8%","Sep 21","ARS","T 1-1","8.5","","0","","","0","","0","","0","0","1","0","","","0","","5","0","","","1","","","0","","0"
"070hs","Gianluigi Donnarumma","MCI","G","Fail FC","LEE Sat 8:00AM","77","8.56","79%","+0.8%","Sep 14","MUN","W 3-0","14","","0","","","0","","0","","0","0","0","0","","","0","","3","0","","","1","","","0","","1"
"02xtd","Sam Johnstone","WOL","G","FA","@AVL Sun 7:05AM","56.5","7.06","3%","+0.1%","Nov 22","CRY","L 0-2","7","","0","","","0","","0","","0","0","0","0","","","0","","3","0","","","0","","","0","","0"
"02xtd","Sam Johnstone","WOL","G","FA","@AVL Sun 7:05AM","56.5","7.06","3%","+0.1%","Nov 8","CHE","L 0-3","7.5","","0","","","0","","0","","0","0","0","0","","","0","","2","0","","","0","","","0","","0"
"02xtd","Sam Johnstone","WOL","G","FA","@AVL Sun 7:05AM","56.5","7.06","3%","+0.1%","Nov 1","FUL","L 0-3","4","","0","","","0","","0","","0","0","0","0","","","0","","0","0","","","0","","","0","","0"
"02xtd","Sam Johnstone","WOL","G","FA","@AVL Sun 7:05AM","56.5","7.06","3%","+0.1%","Oct 26","BUR","L 2-3","7","","0","","","0","","0","","1","0","0","0","","","0","","0","0","","","0","","","0","","0"
"02xtd","Sam Johnstone","WOL","G","FA","@AVL Sun 7:05AM","56.5","7.06","3%","+0.1%","Oct 18","SUN","L 0-2","2.5","","0","","","0","","0","","0","0","0","0","","","0","","1","0","","","1","","","0","","0"
"02xtd","Sam Johnstone","WOL","G","FA","@AVL Sun 7:05AM","56.5","7.06","3%","+0.1%","Oct 5","BHA","T 1-1","10","","0","","","0","","0","","0","0","0","0","","","0","","0","0","","","0","","","0","","0"
"02xtd","Sam Johnstone","WOL","G","FA","@AVL Sun 7:05AM","56.5","7.06","3%","+0.1%","Sep 27","TOT","T 1-1","7","","0","","","0","","0","","0","0","0","0","","","0","","2","0","","","0","","","0","","0"
"02xtd","Sam Johnstone","WOL","G","FA","@AVL Sun 7:05AM","56.5","7.06","3%","+0.1%","Sep 13","NEW","L 0-1","11.5","","0","","","0","","0","","0","0","0","0","","","0","","5","0","","","1","","","0","","0"
"04sjt","Alisson","LIV","G","FA","@WHU Sun 7:05AM","49","7","81%","+11.4%","Nov 22","NOT","L 0-3","6","","0","","","0","","0","","0","0","0","0","","","0","","0","0","","","0","","","0","","0"
"04sjt","Alisson","LIV","G","FA","@WHU Sun 7:05AM","49","7","81%","+11.4%","Sep 27","CRY","L 1-2","10.5","","0","","","0","","0","","0","0","0","0","","","0","","0","0","","","0","","","0","","0"
"04sjt","Alisson","LIV","G","FA","@WHU Sun 7:05AM","49","7","81%","+11.4%","Sep 20","EVE","W 2-1","6","","0","","","0","","0","","0","0","0","0","","","0","","3","0","","","2","","","0","","0"
"04sjt","Alisson","LIV","G","FA","@WHU Sun 7:05AM","49","7","81%","+11.4%","Sep 14","BUR","W 1-0","6","","0","","","0","","0","","0","0","0","0","","","0","","0","0","","","0","","","0","","1"
"04sjt","Alisson","LIV","G","FA","@WHU Sun 7:05AM","49","7","81%","+11.4%","Aug 31","ARS","W 1-0","10.5","","0","","","0","","0","","0","0","0","0","","","0","","2","0","","","0","","","0","","1"
"04sjt","Alisson","LIV","G","FA","@WHU Sun 7:05AM","49","7","81%","+11.4%","Aug 25","NEW","W 3-2","6.5","","0","","","0","","0","","0","0","0","0","","","0","","5","0","","","0","","","0","","0"
"04sjt","Alisson","LIV","G","FA","@WHU Sun 7:05AM","49","7","81%","+11.4%","Aug 15","BOU","W 4-2","3.5","","0","","","0","","0","","0","0","0","0","","","0","","2","0","","","0","","","0","","0"
"06xzg","Giorgi Mamardashvili","LIV","G","FA","@WHU Sun 7:05AM","45.5","9.1","15%","-11.8%","Nov 9","MCI","L 0-3","12","","0","","","0","","0","","0","0","0","0","","","0","","0","0","","","0","","","0","","0"
"06xzg","Giorgi Mamardashvili","LIV","G","FA","@WHU Sun 7:05AM","45.5","9.1","15%","-11.8%","Nov 1","AVL","W 2-0","10.5","","0","","","0","","0","","0","0","0","0","","","0","","0","0","","","0","","","0","","1"
"06xzg","Giorgi Mamardashvili","LIV","G","FA","@WHU Sun 7:05AM","45.5","9.1","15%","-11.8%","Oct 25","BRF","L 2-3","9","","0","","","0","","0","","0","0","0","0","","","0","","3","0","","","1","","","0","","0"
"06xzg","Giorgi Mamardashvili","LIV","G","FA","@WHU Sun 7:05AM","45.5","9.1","15%","-11.8%","Oct 19","MUN","L 1-2","2.5","","0","","","0","","0","","0","0","0","0","","","0","","1","0","","","0","","","0","","0"
"06xzg","Giorgi Mamardashvili","LIV","G","FA","@WHU Sun 7:05AM","45.5","9.1","15%","-11.8%","Oct 4","CHE","L 1-2","11.5","","0","","","0","","0","","0","0","0","0","","","0","","3","0","","","1","","","0","","0"
"070hl","Senne Lammens","MUN","G","FA","@CRY Sun 5:00AM","41","6.83","42%","-3.4%","Nov 24","EVE","L 0-1","2.5","","0","","","0","","0","","1","0","0","0","","","0","","1","0","","","0","","","0","","0"
"070hl","Senne Lammens","MUN","G","FA","@CRY Sun 5:00AM","41","6.83","42%","-3.4%","Nov 8","TOT","T 2-2","3.5","","0","","","0","","0","","0","0","0","0","","","0","","1","0","","","0","","","0","","0"
"070hl","Senne Lammens","MUN","G","FA","@CRY Sun 5:00AM","41","6.83","42%","-3.4%","Nov 1","NOT","T 2-2","0.5","","0","","","0","","0","","0","0","0","0","","","0","","1","0","","","0","","","0","","0"
"070hl","Senne Lammens","MUN","G","FA","@CRY Sun 5:00AM","41","6.83","42%","-3.4%","Oct 25","BHA","W 4-2","4.5","","0","","","0","","0","","0","0","0","0","","","0","","0","0","","","0","","","0","","0"
"070hl","Senne Lammens","MUN","G","FA","@CRY Sun 5:00AM","41","6.83","42%","-3.4%","Oct 19","LIV","W 2-1","14","","0","","","0","","0","","0","0","0","0","","","0","","1","0","","","1","","","0","","0"
"070hl","Senne Lammens","MUN","G","FA","@CRY Sun 5:00AM","41","6.83","42%","-3.4%","Oct 4","SUN","W 2-0","16","","0","","","0","","0","","0","0","0","0","","","0","","1","0","","","1","","","0","","1"
"04ym7","Lucas Perri","LEE","G","FA","@MCI Sat 8:00AM","36.5","5.21","6%","-0.3%","Nov 23","AVL","L 1-2","1.5","","0","","","0","","0","","0","0","0","0","","","0","","1","0","","","0","","","0","","0"
"04ym7","Lucas Perri","LEE","G","FA","@MCI Sat 8:00AM","36.5","5.21","6%","-0.3%","Nov 9","NOT","L 1-3","3.5","","0","","","0","","0","","0","0","0","0","","","0","","1","0","","","0","","","0","","0"
"04ym7","Lucas Perri","LEE","G","FA","@MCI Sat 8:00AM","36.5","5.21","6%","-0.3%","Nov 1","BHA","L 0-3","6","","0","","","0","","0","","0","0","0","0","","","0","","0","0","","","0","","","0","","0"
"04ym7","Lucas Perri","LEE","G","FA","@MCI Sat 8:00AM","36.5","5.21","6%","-0.3%","Oct 24","WHU","W 2-1","5.5","","0","","","0","","0","","0","0","1","0","","","0","","3","0","","","0","","","0","","0"
"04ym7","Lucas Perri","LEE","G","FA","@MCI Sat 8:00AM","36.5","5.21","6%","-0.3%","Aug 30","NEW","T 0-0","11.5","","0","","","0","","0","","0","0","0","0","","","0","","1","0","","","0","","","0","","1"
"04ym7","Lucas Perri","LEE","G","FA","@MCI Sat 8:00AM","36.5","5.21","6%","-0.3%","Aug 23","ARS","L 0-5","-5","","0","","","0","","0","","0","0","0","0","","","0","","0","0","","","0","","","0","","0"
"04ym7","Lucas Perri","LEE","G","FA","@MCI Sat 8:00AM","36.5","5.21","6%","-0.3%","Aug 18","EVE","W 1-0","13.5","","0","","","0","","0","","0","0","0","0","","","0","","2","0","","","2","","","0","","1"
"05oz3","James Trafford","MCI","G","FA","LEE Sat 8:00AM","35","11.67","24%","-0.4%","Aug 31","BHA","L 1-2","11","","0","","","0","","0","","0","0","0","0","","","0","","1","1","","","1","","","0","","0"
"05oz3","James Trafford","MCI","G","FA","LEE Sat 8:00AM","35","11.67","24%","-0.4%","Aug 23","TOT","L 0-2","7","","0","","","0","","0","","1","0","0","0","","","0","","3","0","","","0","","","0","","0"
"05oz3","James Trafford","MCI","G","FA","LEE Sat 8:00AM","35","11.67","24%","-0.4%","Aug 16","WOL","W 4-0","17","","0","","","0","","0","","0","0","0","0","","","0","","2","0","","","0","","","0","","1"
"03pif","Karl Darlow","LEE","G","FA","@MCI Sat 8:00AM","32","6.4","2%","-0.2%","Oct 18","BUR","L 0-2","0.5","","0","","","0","","0","","0","0","0","0","","","0","","0","0","","","0","","","0","","0"
"03pif","Karl Darlow","LEE","G","FA","@MCI Sat 8:00AM","32","6.4","2%","-0.2%","Oct 4","TOT","L 1-2","1.5","","0","","","0","","0","","0","0","0","0","","","0","","2","0","","","0","","","0","","0"
"03pif","Karl Darlow","LEE","G","FA","@MCI Sat 8:00AM","32","6.4","2%","-0.2%","Sep 27","BOU","T 2-2","6.5","","0","","","0","","0","","0","0","0","0","","","0","","1","0","","","0","","","0","","0"
"03pif","Karl Darlow","LEE","G","FA","@MCI Sat 8:00AM","32","6.4","2%","-0.2%","Sep 20","WOL","W 3-1","16","","0","","","0","","0","","0","0","0","0","","","0","","2","0","","","2","","","0","","0"
"03pif","Karl Darlow","LEE","G","FA","@MCI Sat 8:00AM","32","6.4","2%","-0.2%","Sep 13","FUL","L 0-1","7.5","","0","","","0","","0","","0","0","0","0","","","0","","1","0","","","1","","","0","","0"
"06mga","Mads Hermansen","WHU","G","FA","LIV Sun 7:05AM","28","7","3%","-0.1%","Sep 13","TOT","L 0-3","6","","0","","","0","","0","","0","0","0","0","","","0","","2","0","","","2","","","0","","0"
"06mga","Mads Hermansen","WHU","G","FA","LIV Sun 7:05AM","28","7","3%","-0.1%","Aug 31","NOT","W 3-0","17.5","","0","","","0","","0","","0","0","0","0","","","0","","1","0","","","0","","","0","","1"
"06mga","Mads Hermansen","WHU","G","FA","LIV Sun 7:05AM","28","7","3%","-0.1%","Aug 22","CHE","L 1-5","-1","","0","","","0","","0","","0","0","0","0","","","0","","2","0","","","0","","","0","","0"
"06mga","Mads Hermansen","WHU","G","FA","LIV Sun 7:05AM","28","7","3%","-0.1%","Aug 16","SUN","L 0-3","5.5","","0","","","0","","0","","0","0","0","0","","","0","","2","0","","","1","","","0","","0"
"06fx0","Altay Bayindir","MUN","G","FA","@CRY Sun 5:00AM","27.5","4.58","3%","0%","Sep 27","BRF","L 1-3","10","","0","","","0","","0","","0","0","0","0","","","0","","2","0","","","0","","","0","","0"
"06fx0","Altay Bayindir","MUN","G","FA","@CRY Sun 5:00AM","27.5","4.58","3%","0%","Sep 20","CHE","W 2-1","2","","0","","","0","","0","","0","0","0","0","","","0","","3","0","","","0","","","0","","0"
"06fx0","Altay Bayindir","MUN","G","FA","@CRY Sun 5:00AM","27.5","4.58","3%","0%","Sep 14","MCI","L 0-3","5.5","","0","","","0","","0","","0","0","0","0","","","0","","1","1","","","0","","","0","","0"
"06fx0","Altay Bayindir","MUN","G","FA","@CRY Sun 5:00AM","27.5","4.58","3%","0%","Aug 30","BUR","W 3-2","0.5","","0","","","0","","0","","0","0","0","0","","","0","","0","0","","","0","","","0","","0"
"06fx0","Altay Bayindir","MUN","G","FA","@CRY Sun 5:00AM","27.5","4.58","3%","0%","Aug 24","FUL","T 1-1","7","","0","","","1","","0","","0","0","0","0","","","0","","0","0","","","1","","","0","","0"
"06fx0","Altay Bayindir","MUN","G","FA","@CRY Sun 5:00AM","27.5","4.58","3%","0%","Aug 17","ARS","L 0-1","2.5","","0","","","0","","0","","0","0","0","0","","","0","","1","0","","","0","","","0","","0"
"06ymt","Marco Bizot","AVL","G","FA","WOL Sun 7:05AM","17","8.5","3%","-0.2%","Aug 31","CRY","L 0-3","1.5","","0","","","0","","0","","0","0","1","0","","","0","","3","0","","","0","","","0","","0"
"06ymt","Marco Bizot","AVL","G","FA","WOL Sun 7:05AM","17","8.5","3%","-0.2%","Aug 16","NEW","T 0-0","15.5","","0","","","0","","0","","0","0","0","0","","","0","","1","0","","","0","","","0","","1"
"05udg","Jose Sa","WOL","G","FA","@AVL Sun 7:05AM","9","2.25","11%","-0.3%","Sep 20","LEE","L 1-3","-1.5","","0","","","0","","0","","0","0","0","0","","","0","","0","0","","","0","","","0","","0"
"05udg","Jose Sa","WOL","G","FA","@AVL Sun 7:05AM","9","2.25","11%","-0.3%","Aug 30","EVE","L 2-3","2.5","","0","","","0","","0","","0","0","0","0","","","0","","1","0","","","1","","","0","","0"
"05udg","Jose Sa","WOL","G","FA","@AVL Sun 7:05AM","9","2.25","11%","-0.3%","Aug 23","BOU","L 0-1","10.5","","0","","","1","","0","","0","0","0","0","","","0","","1","0","","","1","","","0","","0"
"05udg","Jose Sa","WOL","G","FA","@AVL Sun 7:05AM","9","2.25","11%","-0.3%","Aug 16","MCI","L 0-4","-2.5","","0","","","0","","0","","0","0","0","0","","","0","","1","0","","","0","","","0","","0"
"06nv3","Filip Jorgensen","CHE","G","FA","ARS Sun 9:30AM","2.5","2.5","2%","0%","Sep 20","MUN","L 1-2","2.5","","0","","","0","","0","","0","0","0","0","","","1","","1","0","","","1","","","0","","0"
"04amh","Aaron Ramsdale","NEW","G","FA","@EVE Sat 10:30AM","0.5","0.5","4%","+0.3%","Nov 9","BRF","L 1-3","0.5","","0","","","0","","0","","0","0","0","0","","","0","","0","0","","","0","","","0","","0"
